,Porosity,Mean,Variance,Skew,Kurtosis,P10,P20,P30,P40,P50,P60,P70,P80,P90,P100,Input1,Input2,Input3,Input4,Input5,Input6,Input7,Input8,Input9,Input10,Input11,Input12,Input13,Input14,Input15
Porosity,0.0,0.0242377279238587,0.010208492488237741,0.13957364090634414,0.07122678354843925,0.016045671832511044,0.03745394405360636,0.04035547423096819,0.03259952537213395,0.036508404844159736,0.03361930264276458,0.027162492192212895,0.016765438403547606,0.008158209605524602,0.008810036521856524,0.043995543569817386,0.07026025485833443,0.1325111668862064,0.09293775876746077,0.18570665767420103,0.0071934096191374,0.023163207438906465,0.025320199350965657,0.046615485446278075,0.04092663378962911,0.09668699386815857,0.010247989083382496,0.012989345330874013,0.19667804027636854,0.1555690033816946
Mean,0.0242377279238587,0.0,0.020591178900590035,0.33621064733844824,0.16635687301825108,0.034666875978051404,0.0030176902807994566,0.004233378406420352,0.004668750298227442,0.0033261307229062176,0.001343161880491217,0.0008802608168004822,0.002055672368550532,0.00162004466046628,0.004328610736834326,0.09714069060633584,0.02931760447455639,0.27117707368528954,0.08946183378888237,0.20147462331611513,0.09371381308709598,0.11124383696757847,0.16853733669525273,0.02753309160622855,0.013357761588555655,0.08551313188236556,0.01314676582959735,0.09684721085157989,0.25704936051754806,0.16738782825850784
Variance,0.010208492488237741,0.020591178900590035,0.0,0.21736499460363023,0.11160672955581152,0.12245975310848162,0.05117871274721009,0.024094483776987752,0.01472035413526629,0.00862559152067166,0.00111286578751435,0.003622993415621112,0.004640265434074142,0.008143587266766117,0.022524429362731357,0.1376549878563933,0.012295032873024747,0.308662492459729,0.004247995754473516,0.274213811268859,0.03499640925204517,0.030995596503230083,0.05193964140427021,0.04138329698954579,0.011083549537096594,0.07694833778014275,0.06571383457656012,0.0280854689243041,0.29444624579819195,0.14559136556279423
Skew,0.13957364090634414,0.33621064733844824,0.21736499460363023,0.0,0.5137158473192788,0.3256619232351783,0.34024185656247546,0.33174468669441914,0.3278528663125571,0.32792187067956774,0.3270790766614145,0.319821639399244,0.3179690597474092,0.3150042652977734,0.3064248370908456,0.12379309244176225,0.07812696996947227,0.3965417247472979,0.07029630713353885,0.022353569828372888,0.05139374400242114,0.06049123849743688,0.06402323275237565,0.014782195736105744,0.05964825420059011,0.04570899614072704,0.005030402600171742,0.13462654260069606,0.04222644591575228,0.050249732594382215
Kurtosis,0.07122678354843925,0.16635687301825108,0.11160672955581152,0.5137158473192788,0.0,0.1500167797955524,0.1600970948134509,0.17159137603224806,0.17466700252551542,0.18074308776210657,0.18128366285909747,0.18194423474864257,0.17406188359792418,0.1531610441744421,0.061987747411252014,0.010139948293738932,0.11734994074100233,0.23272053632123446,0.02266789821727521,0.1409423313333999,0.07900006161622944,0.057499787330448866,0.010110751984397412,0.03409442919402862,0.07490248483604467,0.01722351082221994,0.013203149405908617,0.005994391674581952,0.050807134166354025,0.05040822476406067
P10,0.016045671832511044,0.034666875978051404,0.12245975310848162,0.3256619232351783,0.1500167797955524,0.0,0.006437023389851748,0.006406880612501831,0.02840556406448025,0.033652037577748595,0.0477006535480915,0.054185337740110806,0.06090998210471921,0.06249734701345577,0.0636295932979336,0.1075215850064335,0.004395878876791326,0.12560154057444273,0.10430455211831624,0.13772242624689274,0.06308194978593784,0.09326425922832773,0.16738827312942056,0.024239142202382408,0.03167430980866252,0.06076919782829548,0.015618999309691298,0.09465534438397304,0.15381220872931267,0.14687275929890292
P20,0.03745394405360636,0.0030176902807994566,0.05117871274721009,0.34024185656247546,0.1600970948134509,0.006437023389851748,0.0,0.010821453237823797,0.0010978427970059768,1.7011954642209837e-05,0.013550392963217361,0.015241959996033949,0.01578353571262381,0.012970108463147723,0.01147662898847357,0.0734706723299105,0.0401708611868104,0.2133602082774428,0.11580620656991339,0.15061564802795585,0.10299171476774346,0.11675424792669187,0.18444990159868624,0.042293440384019915,0.020132404601952432,0.07116379752038932,0.003765860446698881,0.11078064722703262,0.20271941961274534,0.16003773228734272
P30,0.04035547423096819,0.004233378406420352,0.024094483776987752,0.33174468669441914,0.17159137603224806,0.006406880612501831,0.010821453237823797,0.0,0.015149523539702225,8.315552309423602e-05,0.004547774551811656,0.0030262171001298466,0.00046708668955153243,0.0008927665079488944,0.00018144983527135228,0.07358713339701911,0.03814239599343633,0.2547557499355244,0.11421498916892195,0.17065483881124316,0.10655971423261074,0.11948361808677294,0.17927375345986005,0.03814899496169116,0.013401322941393982,0.07869787391062397,0.0036398278271430953,0.1063136802373897,0.23218006641779776,0.16307503726596947
P40,0.03259952537213395,0.004668750298227442,0.01472035413526629,0.3278528663125571,0.17466700252551542,0.02840556406448025,0.0010978427970059768,0.015149523539702225,0.0,0.012192574439124249,0.0010752841812929903,0.005160753879550173,0.0004256781759875983,0.0038994574455439857,0.0023892435008988633,0.08255991320898604,0.03203192251924525,0.27429381850202866,0.10563946386733561,0.1819798660608588,0.10281207923283486,0.12177513296309878,0.17943901738600723,0.03689746538924385,0.016234319022345643,0.08236386576210235,0.010400699639904904,0.10349713180661882,0.24044338394115064,0.16612500015200504
P50,0.036508404844159736,0.0033261307229062176,0.00862559152067166,0.32792187067956774,0.18074308776210657,0.033652037577748595,1.7011954642209837e-05,8.315552309423602e-05,0.012192574439124249,0.0,0.009264993633135488,0.0017857089522289593,0.00476630725951499,0.003535588904496789,0.003278753349114316,0.08276557191917733,0.034716208494945444,0.2875228501931354,0.09488417777518623,0.1913887645320759,0.09988547617403276,0.12060741331042624,0.17585158141679605,0.034389064900195304,0.011090996162563486,0.0871756878214287,0.0084840983830559,0.10021234255622265,0.258927735133947,0.17214899344881154
P60,0.03361930264276458,0.001343161880491217,0.00111286578751435,0.3270790766614145,0.18128366285909747,0.0477006535480915,0.013550392963217361,0.004547774551811656,0.0010752841812929903,0.009264993633135488,0.0,0.00752110022591812,0.003019246917828511,0.006550366497340643,0.004931668918922383,0.08848984579942376,0.033809332079157595,0.30262044040055425,0.09144364525340576,0.20225721769078323,0.10075122943245574,0.11801791033727682,0.170879897174918,0.030977832648874465,0.013568991511666878,0.0889734909214541,0.020556836767336228,0.10216658674945041,0.2684066646908141,0.16792693033429404
P70,0.027162492192212895,0.0008802608168004822,0.003622993415621112,0.319821639399244,0.18194423474864257,0.054185337740110806,0.015241959996033949,0.0030262171001298466,0.005160753879550173,0.0017857089522289593,0.00752110022591812,0.0,0.005261617842577393,0.003345996493838266,0.00034388042634292404,0.10010113594268594,0.03299260796060399,0.30103976791860276,0.0810087275986241,0.21434028601108704,0.09672030879276683,0.1132769996662365,0.16424325116704228,0.024580863881104503,0.011755381737917167,0.09425258751408679,0.01840468768002007,0.09520135535886988,0.2777155088156516,0.17065118856393044
P80,0.016765438403547606,0.002055672368550532,0.004640265434074142,0.3179690597474092,0.17406188359792418,0.06090998210471921,0.01578353571262381,0.00046708668955153243,0.0004256781759875983,0.00476630725951499,0.003019246917828511,0.005261617842577393,0.0,0.003052383067432718,0.003456247700680759,0.11036977364638562,0.026923327808054398,0.29930924456294344,0.07202871598109067,0.22192197147247417,0.08894662523682167,0.10750771046599178,0.15873628159037625,0.021972443600330682,0.011001838162885417,0.0902698693127082,0.024457852628816144,0.09127247517594035,0.28103742233727624,0.16918404129064715
P90,0.008158209605524602,0.00162004466046628,0.008143587266766117,0.3150042652977734,0.1531610441744421,0.06249734701345577,0.012970108463147723,0.0008927665079488944,0.0038994574455439857,0.003535588904496789,0.006550366497340643,0.003345996493838266,0.003052383067432718,0.0,0.006981185839948001,0.12180203635180181,0.023063903619065018,0.28914394665237675,0.06293826852419576,0.23877060768717434,0.08069496267308335,0.09056075349956727,0.14055432619239372,0.007568953614215279,0.005453866357820133,0.0900702991813497,0.032001581886460025,0.08028924339590687,0.28449188552589555,0.1668024987205666
P100,0.008810036521856524,0.004328610736834326,0.022524429362731357,0.3064248370908456,0.061987747411252014,0.0636295932979336,0.01147662898847357,0.00018144983527135228,0.0023892435008988633,0.003278753349114316,0.004931668918922383,0.00034388042634292404,0.003456247700680759,0.006981185839948001,0.0,0.1086673863852583,0.007053005060200901,0.2467997182961553,0.03944856606959987,0.2777765832098832,0.023006947834585484,0.00700330939181365,0.05221555937376082,0.04561773625485524,0.027949863408324095,0.05975061679310272,0.037397598725641475,0.025224521525193076,0.24957507988150504,0.13784784173687725
Input1,0.043995543569817386,0.09714069060633584,0.1376549878563933,0.12379309244176225,0.010139948293738932,0.1075215850064335,0.0734706723299105,0.07358713339701911,0.08255991320898604,0.08276557191917733,0.08848984579942376,0.10010113594268594,0.11036977364638562,0.12180203635180181,0.1086673863852583,0.0,0.16613781648282996,0.07778265947998098,0.04085451495152296,0.1793829283749752,0.11001154770436611,0.1218498668272764,0.12562371280287662,0.16303796207596502,0.018409438194821253,0.008134058895976154,0.051632708093857636,0.08788949346172766,0.07766137777504002,0.0880289556508154
Input2,0.07026025485833443,0.02931760447455639,0.012295032873024747,0.07812696996947227,0.11734994074100233,0.004395878876791326,0.0401708611868104,0.03814239599343633,0.03203192251924525,0.034716208494945444,0.033809332079157595,0.03299260796060399,0.026923327808054398,0.023063903619065018,0.007053005060200901,0.16613781648282996,0.0,0.0882638562096323,0.07476189385545827,0.09089379709258122,0.09948433896523949,0.13183486516720175,0.12878122945350817,0.07051104386715955,0.06036310654167864,0.10287462193399709,0.02926064207913497,0.06150470392582366,0.18039909585007757,0.11773806930408871
Input3,0.1325111668862064,0.27117707368528954,0.308662492459729,0.3965417247472979,0.23272053632123446,0.12560154057444273,0.2133602082774428,0.2547557499355244,0.27429381850202866,0.2875228501931354,0.30262044040055425,0.30103976791860276,0.29930924456294344,0.28914394665237675,0.2467997182961553,0.07778265947998098,0.0882638562096323,0.0,0.02923607041330855,0.0992420076208754,0.0039142438728085776,0.029199722987369947,0.10874582121522026,0.020398522245481603,0.0029451700168516455,0.04749908586099299,0.04737759933769718,0.0891872841015785,0.08592896936260838,0.032238654487288576
Input4,0.09293775876746077,0.08946183378888237,0.004247995754473516,0.07029630713353885,0.02266789821727521,0.10430455211831624,0.11580620656991339,0.11421498916892195,0.10563946386733561,0.09488417777518623,0.09144364525340576,0.0810087275986241,0.07202871598109067,0.06293826852419576,0.03944856606959987,0.04085451495152296,0.07476189385545827,0.02923607041330855,0.0,0.06108215384815113,0.12826899917923934,0.12090331527549891,0.04037279853327039,0.022188452584193705,0.003366489050783787,0.02541600484617026,0.08571675430392708,0.16952993515803533,0.15223394293171535,0.08235296333656168
Input5,0.18570665767420103,0.20147462331611513,0.274213811268859,0.022353569828372888,0.1409423313333999,0.13772242624689274,0.15061564802795585,0.17065483881124316,0.1819798660608588,0.1913887645320759,0.20225721769078323,0.21434028601108704,0.22192197147247417,0.23877060768717434,0.2777765832098832,0.1793829283749752,0.09089379709258122,0.0992420076208754,0.06108215384815113,0.0,0.0766112943690686,0.06331178497307033,0.17137252386745983,0.20550948511798617,0.05035308359021462,0.13491090272402573,0.026485797022663952,0.022432588550758626,0.03373171349320678,0.11028469716533122
Input6,0.0071934096191374,0.09371381308709598,0.03499640925204517,0.05139374400242114,0.07900006161622944,0.06308194978593784,0.10299171476774346,0.10655971423261074,0.10281207923283486,0.09988547617403276,0.10075122943245574,0.09672030879276683,0.08894662523682167,0.08069496267308335,0.023006947834585484,0.11001154770436611,0.09948433896523949,0.0039142438728085776,0.12826899917923934,0.0766112943690686,0.0,0.25446742018190543,0.21887194277101363,0.0922845648725239,0.12215825627127773,0.08238874255525655,0.026592434014798917,0.16604479277751594,0.1489394453415051,0.047357729131442414
Input7,0.023163207438906465,0.11124383696757847,0.030995596503230083,0.06049123849743688,0.057499787330448866,0.09326425922832773,0.11675424792669187,0.11948361808677294,0.12177513296309878,0.12060741331042624,0.11801791033727682,0.1132769996662365,0.10750771046599178,0.09056075349956727,0.00700330939181365,0.1218498668272764,0.13183486516720175,0.029199722987369947,0.12090331527549891,0.06331178497307033,0.25446742018190543,0.0,0.4548701167553095,0.28400453784652263,0.15011382990441943,0.024456584977232528,0.022499056162429726,0.07701682772875891,0.13179600288612903,0.008372183655621953
Input8,0.025320199350965657,0.16853733669525273,0.05193964140427021,0.06402323275237565,0.010110751984397412,0.16738827312942056,0.18444990159868624,0.17927375345986005,0.17943901738600723,0.17585158141679605,0.170879897174918,0.16424325116704228,0.15873628159037625,0.14055432619239372,0.05221555937376082,0.12562371280287662,0.12878122945350817,0.10874582121522026,0.04037279853327039,0.17137252386745983,0.21887194277101363,0.4548701167553095,0.0,0.217012389961458,0.10906129660936316,0.011863016529155113,0.042472358387037175,0.06179698566226989,0.12188468744728105,0.03938997997664498
Input9,0.046615485446278075,0.02753309160622855,0.04138329698954579,0.014782195736105744,0.03409442919402862,0.024239142202382408,0.042293440384019915,0.03814899496169116,0.03689746538924385,0.034389064900195304,0.030977832648874465,0.024580863881104503,0.021972443600330682,0.007568953614215279,0.04561773625485524,0.16303796207596502,0.07051104386715955,0.020398522245481603,0.022188452584193705,0.20550948511798617,0.0922845648725239,0.28400453784652263,0.217012389961458,0.0,0.10769470255657078,0.046404006049932243,0.02677507242309575,0.012008113025378034,0.07559213257445112,0.0268748356095649
Input10,0.04092663378962911,0.013357761588555655,0.011083549537096594,0.05964825420059011,0.07490248483604467,0.03167430980866252,0.020132404601952432,0.013401322941393982,0.016234319022345643,0.011090996162563486,0.013568991511666878,0.011755381737917167,0.011001838162885417,0.005453866357820133,0.027949863408324095,0.018409438194821253,0.06036310654167864,0.0029451700168516455,0.003366489050783787,0.05035308359021462,0.12215825627127773,0.15011382990441943,0.10906129660936316,0.10769470255657078,0.0,0.03480786382266779,0.2098055196175403,0.07783830651420531,0.02893232213969915,0.00706435929137749
Input11,0.09668699386815857,0.08551313188236556,0.07694833778014275,0.04570899614072704,0.01722351082221994,0.06076919782829548,0.07116379752038932,0.07869787391062397,0.08236386576210235,0.0871756878214287,0.0889734909214541,0.09425258751408679,0.0902698693127082,0.0900702991813497,0.05975061679310272,0.008134058895976154,0.10287462193399709,0.04749908586099299,0.02541600484617026,0.13491090272402573,0.08238874255525655,0.024456584977232528,0.011863016529155113,0.046404006049932243,0.03480786382266779,0.0,0.4292148685251874,0.03411281995099236,0.05748328198465123,0.028437988886312507
Input12,0.010247989083382496,0.01314676582959735,0.06571383457656012,0.005030402600171742,0.013203149405908617,0.015618999309691298,0.003765860446698881,0.0036398278271430953,0.010400699639904904,0.0084840983830559,0.020556836767336228,0.01840468768002007,0.024457852628816144,0.032001581886460025,0.037397598725641475,0.051632708093857636,0.02926064207913497,0.04737759933769718,0.08571675430392708,0.026485797022663952,0.026592434014798917,0.022499056162429726,0.042472358387037175,0.02677507242309575,0.2098055196175403,0.4292148685251874,0.0,0.03438719084101283,0.02023906389640875,0.0174292495752661
Input13,0.012989345330874013,0.09684721085157989,0.0280854689243041,0.13462654260069606,0.005994391674581952,0.09465534438397304,0.11078064722703262,0.1063136802373897,0.10349713180661882,0.10021234255622265,0.10216658674945041,0.09520135535886988,0.09127247517594035,0.08028924339590687,0.025224521525193076,0.08788949346172766,0.06150470392582366,0.0891872841015785,0.16952993515803533,0.022432588550758626,0.16604479277751594,0.07701682772875891,0.06179698566226989,0.012008113025378034,0.07783830651420531,0.03411281995099236,0.03438719084101283,0.0,0.39852466130460373,0.2638631613337382
Input14,0.19667804027636854,0.25704936051754806,0.29444624579819195,0.04222644591575228,0.050807134166354025,0.15381220872931267,0.20271941961274534,0.23218006641779776,0.24044338394115064,0.258927735133947,0.2684066646908141,0.2777155088156516,0.28103742233727624,0.28449188552589555,0.24957507988150504,0.07766137777504002,0.18039909585007757,0.08592896936260838,0.15223394293171535,0.03373171349320678,0.1489394453415051,0.13179600288612903,0.12188468744728105,0.07559213257445112,0.02893232213969915,0.05748328198465123,0.02023906389640875,0.39852466130460373,0.0,0.5318031164271143
Input15,0.1555690033816946,0.16738782825850784,0.14559136556279423,0.050249732594382215,0.05040822476406067,0.14687275929890292,0.16003773228734272,0.16307503726596947,0.16612500015200504,0.17214899344881154,0.16792693033429404,0.17065118856393044,0.16918404129064715,0.1668024987205666,0.13784784173687725,0.0880289556508154,0.11773806930408871,0.032238654487288576,0.08235296333656168,0.11028469716533122,0.047357729131442414,0.008372183655621953,0.03938997997664498,0.0268748356095649,0.00706435929137749,0.028437988886312507,0.0174292495752661,0.2638631613337382,0.5318031164271143,0.0
